shop_id,transaction_id,customer_name,city,address,timestamp,tortilla_type,price,quantity
84,92ac3a6a-bb25-4314-8daf-3bc4f9a4292a,Sancho Arregui Arnaiz,Palma,"Paseo Casandra Acevedo 19 Apt. 75 , Huesca, 06789",2026-05-01 00:33:22.746039,vegan,5.49,5
84,7ab44c11-b2c6-4db3-8cfc-574e4437b965,Flavio Salas-Amorós,Palma,"Paseo Casandra Acevedo 19 Apt. 75 , Huesca, 06789",2026-05-01 00:21:00.964566,classic,,1
84,30a9394b-bf1d-4917-9c75-20d115a1cb74,Adolfo Milla Paz,Palma,"Paseo Casandra Acevedo 19 Apt. 75 , Huesca, 06789",2026-05-01 08:01:43.797253,with_onion,N/A,3
84,d0a62707-60ae-44b6-97cc-925d26ba4c91,Erasmo Pablo Planas,Palma,"Paseo Casandra Acevedo 19 Apt. 75 , Huesca, 06789",2026-05-01 23:02:31.177777,classic,10.04,4
84,964b8163-ae66-4734-a053-12c8511ed140,América Olivé Zabaleta,Palma,"Paseo Casandra Acevedo 19 Apt. 75 , Huesca, 06789",2026-05-01 13:52:14.742121,without_onion,,4
84,8914cfba-639e-4dcd-84fd-7cabc1ff793b,Mariano Cazorla,Palma,"Paseo Casandra Acevedo 19 Apt. 75 , Huesca, 06789",2026-05-01 19:17:53.406803,without_onion,9.14,5
84,b76fe268-35df-439a-9a78-556b2d68f631,Aurelia Andreu-Cornejo,Palma,"Paseo Casandra Acevedo 19 Apt. 75 , Huesca, 06789",2026-05-01 02:03:16.392080,classic,,5
84,65ad0d3f-513c-492f-88e0-408d03898c25,Rosaura Aurelia Franch Coll,Palma,"Paseo Casandra Acevedo 19 Apt. 75 , Huesca, 06789",2026-05-01 11:38:36.376082,classic,N/A,3
84,55c420db-8bbf-440a-9465-c11cc0828d55,Flavio Arjona Herrera,Palma,"Paseo Casandra Acevedo 19 Apt. 75 , Huesca, 06789",2026-05-01 14:58:34.824263,with_onion,6.34,2
84,b7bbcf46-fbc3-4643-9f39-1f9359b5bd9c,Rómulo Fernández Reyes,Palma,"Paseo Casandra Acevedo 19 Apt. 75 , Huesca, 06789",2026-05-01 12:30:58.429899,with_onion,N/A,3
84,a23da933-89de-428c-9f61-7380a4637f0b,Abilio Galiano Morera,Palma,"Paseo Casandra Acevedo 19 Apt. 75 , Huesca, 06789",2026-05-01 18:59:29.379855,classic,,3
84,3285cc44-bbae-433b-abb9-c187a74f8fca,Vasco Diéguez,Palma,"Paseo Casandra Acevedo 19 Apt. 75 , Huesca, 06789",2026-05-01 03:13:34.457994,vegan,,4
84,13194313-039f-4828-9c0f-218bf71acdb9,Haroldo Bolaños Llamas,Palma,"Paseo Casandra Acevedo 19 Apt. 75 , Huesca, 06789",2026-05-01 07:15:38.517550,with_onion,N/A,5
84,4d817610-4c14-4753-a5ac-cd2a5a92022a,Atilio Hurtado,Palma,"Paseo Casandra Acevedo 19 Apt. 75 , Huesca, 06789",2026-05-01 02:38:34.713121,classic,9.62,5
84,928c9af1-9258-42b0-84ab-87fb8d51f932,Leyre Azorin,Palma,"Paseo Casandra Acevedo 19 Apt. 75 , Huesca, 06789",2026-05-01 00:04:33.818124,classic,N/A,4
84,b0c7fc4e-7b02-4af6-b51b-2a59ff0644ec,Tatiana Patiño,Palma,"Paseo Casandra Acevedo 19 Apt. 75 , Huesca, 06789",2026-05-01 02:32:25.101028,classic,10.77,5
84,9ee6e407-6648-4211-b6bc-5809d7a4698d,Rufino Salom Chico,Palma,"Paseo Casandra Acevedo 19 Apt. 75 , Huesca, 06789",2026-05-01 13:55:06.596636,classic,N/A,2
84,777237ac-e782-4f08-85ea-ad2cbc3760fb,Néstor Escalona Blasco,Palma,"Paseo Casandra Acevedo 19 Apt. 75 , Huesca, 06789",2026-05-01 03:45:15.306067,vegan,13.3,2
84,cf94bd34-ace6-4aad-8da3-66393512c851,Kike Lluch Puga,Palma,"Paseo Casandra Acevedo 19 Apt. 75 , Huesca, 06789",2026-05-01 19:10:11.201975,vegan,N/A,5
84,235dd06c-69f3-463b-a871-61803e417b34,Wilfredo Robles Espinosa,Palma,"Paseo Casandra Acevedo 19 Apt. 75 , Huesca, 06789",2026-05-01 10:28:08.044197,vegan,13.71,2
84,8a778f18-ba93-47fe-b42e-00a11a092836,Loreto del Zorrilla,Palma,"Paseo Casandra Acevedo 19 Apt. 75 , Huesca, 06789",2026-05-01 09:11:11.926321,with_onion,,1
84,95648b78-c727-45dd-a2b0-8d0e64985957,Venceslás Pedro Vilalta,Palma,"Paseo Casandra Acevedo 19 Apt. 75 , Huesca, 06789",2026-05-01 05:55:20.687073,without_onion,N/A,5
84,1fdd3038-2b89-4696-b067-1d977137f4ff,Pascual Benjamín España Castañeda,Palma,"Paseo Casandra Acevedo 19 Apt. 75 , Huesca, 06789",2026-05-01 20:02:31.054102,classic,13.62,4
84,71fc3155-02ef-496a-b142-972b0ba1c744,Pascuala Bolaños-Albero,Palma,"Paseo Casandra Acevedo 19 Apt. 75 , Huesca, 06789",2026-05-01 15:58:22.987586,classic,,1
84,de12761f-0ad0-4397-9896-b752eaaca8f7,Manola del Rozas,Palma,"Paseo Casandra Acevedo 19 Apt. 75 , Huesca, 06789",2026-05-01 03:05:21.228639,without_onion,,2
84,72110110-ec68-41a2-94f1-fdab9945d3e1,Camilo Aragón Cerezo,Palma,"Paseo Casandra Acevedo 19 Apt. 75 , Huesca, 06789",2026-05-01 07:13:34.951707,classic,,1
84,e9beb912-e568-4d43-8fc0-52e9571550d6,Rosendo Cipriano Cid Calleja,Palma,"Paseo Casandra Acevedo 19 Apt. 75 , Huesca, 06789",2026-05-01 16:20:14.522561,vegan,,1
84,e824957e-749a-4b94-9e59-bd38a07fde9f,Aurora Sobrino Miró,Palma,"Paseo Casandra Acevedo 19 Apt. 75 , Huesca, 06789",2026-05-01 04:42:52.470131,with_onion,N/A,5
84,be11c0ff-aa64-4d41-88c5-c129b1e939e1,Ariel de Ángel,Palma,"Paseo Casandra Acevedo 19 Apt. 75 , Huesca, 06789",2026-05-01 07:25:04.897548,vegan,,5
84,35ec3d52-6f47-448e-bb94-b458b84db6dd,Teodora Colomer Marin,Palma,"Paseo Casandra Acevedo 19 Apt. 75 , Huesca, 06789",2026-05-01 19:59:08.566133,classic,6.09,3
84,df498f4e-5950-447f-8ca7-3d52a820791e,Débora Ariza Sarmiento,Palma,"Paseo Casandra Acevedo 19 Apt. 75 , Huesca, 06789",2026-05-01 05:05:42.264912,vegan,10.29,3
84,06b11d91-36c9-4022-8d7c-595aaff796e2,Tatiana Corral,Palma,"Paseo Casandra Acevedo 19 Apt. 75 , Huesca, 06789",2026-05-01 03:55:25.340358,with_onion,10.09,5
84,5bb243bf-6090-44b3-9c46-d267ec8695b7,Amor Bárcena Peña,Palma,"Paseo Casandra Acevedo 19 Apt. 75 , Huesca, 06789",2026-05-01 11:32:22.704953,vegan,,1
84,7db195c5-3d5f-4371-ab89-e4df47c1d394,Eulalia Camacho Muñoz,Palma,"Paseo Casandra Acevedo 19 Apt. 75 , Huesca, 06789",2026-05-01 21:28:02.020308,with_onion,5.45,1
84,b3cdc945-e6a8-4702-8ae4-9bee5d5d3fa2,Rita Castejón,Palma,"Paseo Casandra Acevedo 19 Apt. 75 , Huesca, 06789",2026-05-01 01:23:51.494033,vegan,8.65,3
84,dc74b64b-c30d-4a67-8d5f-ac561d190e09,Sigfrido Bonet Tudela,Palma,"Paseo Casandra Acevedo 19 Apt. 75 , Huesca, 06789",2026-05-01 00:41:31.503990,without_onion,N/A,5
84,519f2d84-5331-4610-8a9a-5e0b6210b020,José Goicoechea Novoa,Palma,"Paseo Casandra Acevedo 19 Apt. 75 , Huesca, 06789",2026-05-01 02:24:11.547215,without_onion,,2
84,004946f7-94aa-49d0-a5ea-557f27e68eba,Vera Bárbara Rivera Flores,Palma,"Paseo Casandra Acevedo 19 Apt. 75 , Huesca, 06789",2026-05-01 04:01:58.175178,vegan,,5
84,2ea7741e-e8d2-46ec-9520-b7fe1c48104f,Amaya Catalina Rodriguez Nicolás,Palma,"Paseo Casandra Acevedo 19 Apt. 75 , Huesca, 06789",2026-05-01 20:16:56.136718,with_onion,N/A,1
84,1e3dea8d-1241-4b56-864a-85541c026ad3,Jose Angel Quiroga Fábregas,Palma,"Paseo Casandra Acevedo 19 Apt. 75 , Huesca, 06789",2026-05-01 12:38:54.068409,with_onion,N/A,1
84,afe718ce-1fee-4399-b0f7-4ab5fc5df9ae,Aurora Gomez Quintanilla,Palma,"Paseo Casandra Acevedo 19 Apt. 75 , Huesca, 06789",2026-05-01 12:07:28.506378,vegan,,1
84,8f4fcb31-4863-4dde-8838-4c94f41d1e57,Fernando Macario Pinto Cabo,Palma,"Paseo Casandra Acevedo 19 Apt. 75 , Huesca, 06789",2026-05-01 03:38:14.890986,vegan,,1
84,c0b59178-1932-4f4e-85d9-9189598ced0c,Edu Solana Almeida,Palma,"Paseo Casandra Acevedo 19 Apt. 75 , Huesca, 06789",2026-05-01 07:29:20.737543,classic,N/A,5
84,bec395c2-e452-4f4e-8183-5e4a94c83e00,Leocadio Menendez Muñoz,Palma,"Paseo Casandra Acevedo 19 Apt. 75 , Huesca, 06789",2026-05-01 04:29:23.007699,classic,8.96,5
84,f051083c-5559-4bd5-a2ea-bd28f9eca437,Esteban Cipriano Albero Fiol,Palma,"Paseo Casandra Acevedo 19 Apt. 75 , Huesca, 06789",2026-05-01 01:29:11.722790,with_onion,5.7,4
84,f226868e-3495-4888-b848-60f69910fd6c,Moreno Barrena Sanmiguel,Palma,"Paseo Casandra Acevedo 19 Apt. 75 , Huesca, 06789",2026-05-01 21:15:21.326183,without_onion,,3
84,11b134aa-bdac-4708-8d0e-e4bce6849f01,Azucena Samper-Zorrilla,Palma,"Paseo Casandra Acevedo 19 Apt. 75 , Huesca, 06789",2026-05-01 20:29:51.166908,with_onion,10.7,4
84,aed22127-2ffd-4749-8a70-518bb852692a,Sonia Chacón Alegria,Palma,"Paseo Casandra Acevedo 19 Apt. 75 , Huesca, 06789",2026-05-01 10:53:47.716582,vegan,,4
84,742fc9d5-b562-4fef-8e8a-d2a971f40958,Goyo Amores Borrego,Palma,"Paseo Casandra Acevedo 19 Apt. 75 , Huesca, 06789",2026-05-01 12:43:03.356968,classic,,1
84,56000cd0-ae4c-4c4f-8aa6-acbc67cb962a,Ruy Planas Bustos,Palma,"Paseo Casandra Acevedo 19 Apt. 75 , Huesca, 06789",2026-05-01 11:07:17.484218,without_onion,,4
84,84936ca3-67ff-44c6-b2b4-0b2d380bf888,Severino Nevado Barrio,Palma,"Paseo Casandra Acevedo 19 Apt. 75 , Huesca, 06789",2026-05-01 04:16:06.945086,vegan,N/A,5
84,2a53d7b5-3c8f-45c5-a419-eccf0e85d124,Nazaret Anguita,Palma,"Paseo Casandra Acevedo 19 Apt. 75 , Huesca, 06789",2026-05-01 09:18:26.860570,with_onion,N/A,4
84,875ad451-f9d6-4662-9a78-6309192082f1,Bernardino Serra Castrillo,Palma,"Paseo Casandra Acevedo 19 Apt. 75 , Huesca, 06789",2026-05-01 05:31:56.364635,vegan,11.68,4
84,9b18c09a-801b-4bdb-ac7b-456c1d01357f,Nazaret Acero Gaya,Palma,"Paseo Casandra Acevedo 19 Apt. 75 , Huesca, 06789",2026-05-01 01:37:55.586160,classic,,5
84,7d765bdd-c1d8-4bc1-8c35-2db63c7189a2,Gabriel Raya-Martí,Palma,"Paseo Casandra Acevedo 19 Apt. 75 , Huesca, 06789",2026-05-01 23:21:20.903624,with_onion,10.5,1
84,78f3802a-956d-4aa5-8643-d8c6158ae47b,Celso Bartolomé Noriega,Palma,"Paseo Casandra Acevedo 19 Apt. 75 , Huesca, 06789",2026-05-01 00:04:07.129813,with_onion,,3
84,a548f051-8b7d-4a9b-b04f-c7a248379aff,Azahar Carreras Ríos,Palma,"Paseo Casandra Acevedo 19 Apt. 75 , Huesca, 06789",2026-05-01 22:02:44.941637,without_onion,N/A,4
84,f8aea2db-8430-4ae3-af61-611c553cb7e3,Onofre Olmo Hervia,Palma,"Paseo Casandra Acevedo 19 Apt. 75 , Huesca, 06789",2026-05-01 11:40:59.772337,vegan,8.8,3
84,27a2be0a-ae94-4b1e-844e-b6540aca4722,María Jiménez Ocaña,Palma,"Paseo Casandra Acevedo 19 Apt. 75 , Huesca, 06789",2026-05-01 08:40:23.076602,classic,5.58,2
84,e046e17b-b4ca-4be5-8506-c316ed1f4b12,Epifanio Gras-Poza,Palma,"Paseo Casandra Acevedo 19 Apt. 75 , Huesca, 06789",2026-05-01 12:34:14.261660,without_onion,14.03,3
84,98112651-fdeb-4b02-abd5-e30e65181a51,Amalia Infante Sotelo,Palma,"Paseo Casandra Acevedo 19 Apt. 75 , Huesca, 06789",2026-05-01 20:30:34.789473,classic,12.74,5
84,07408280-9a25-4360-a706-d555aeaf8d16,Adora Abellán Diez,Palma,"Paseo Casandra Acevedo 19 Apt. 75 , Huesca, 06789",2026-05-01 18:52:39.240465,classic,N/A,1
84,4f603422-fc47-4df6-aea3-e626638ca82e,Miriam Pastor-Sevilla,Palma,"Paseo Casandra Acevedo 19 Apt. 75 , Huesca, 06789",2026-05-01 20:35:45.779065,with_onion,13.6,3
84,150cfc81-990b-42c7-a33f-4d5ebb52f647,Juan Francisco Antúnez-Alvarez,Palma,"Paseo Casandra Acevedo 19 Apt. 75 , Huesca, 06789",2026-05-01 01:09:51.747520,without_onion,,5
84,1acf0a26-b983-4a16-bfaa-8c54af5bf6b1,Ángel Pinedo-Aliaga,Palma,"Paseo Casandra Acevedo 19 Apt. 75 , Huesca, 06789",2026-05-01 06:11:37.362379,classic,11.27,2
84,3b229a07-1abf-4054-8e73-b6d092212072,Leopoldo del Talavera,Palma,"Paseo Casandra Acevedo 19 Apt. 75 , Huesca, 06789",2026-05-01 11:53:16.794634,with_onion,,3
84,e3135a7b-04ae-4432-b32d-4f94d916f7d4,Mariana Perales-Chacón,Palma,"Paseo Casandra Acevedo 19 Apt. 75 , Huesca, 06789",2026-05-01 04:11:37.914236,without_onion,,5
84,59505f11-dbe4-4700-97b7-256deca62f10,Jessica Corominas-Hoyos,Palma,"Paseo Casandra Acevedo 19 Apt. 75 , Huesca, 06789",2026-05-01 21:53:21.438948,classic,N/A,1
84,ab6b828f-7fac-4b2f-9584-3bec6e6fe968,Chema de Armengol,Palma,"Paseo Casandra Acevedo 19 Apt. 75 , Huesca, 06789",2026-05-01 02:29:39.910385,classic,N/A,5
84,14133207-064c-4a08-96ad-529022c6ebb0,Lupe Espiridión Ureña Rosa,Palma,"Paseo Casandra Acevedo 19 Apt. 75 , Huesca, 06789",2026-05-01 10:23:58.392863,with_onion,,2
84,a711b41b-2736-42cc-8286-1b6020b116a0,Fortunato Boada Landa,Palma,"Paseo Casandra Acevedo 19 Apt. 75 , Huesca, 06789",2026-05-01 20:20:08.604127,classic,N/A,1
84,20b5fbc8-5710-4933-a1d7-b914a3e249db,Zaida Castillo Esteve,Palma,"Paseo Casandra Acevedo 19 Apt. 75 , Huesca, 06789",2026-05-01 05:24:39.170533,with_onion,N/A,4
84,7fcbb75c-b03d-4009-a79b-1ff0d2201510,Berto Alejo Alcalde Infante,Palma,"Paseo Casandra Acevedo 19 Apt. 75 , Huesca, 06789",2026-05-01 11:13:21.515135,with_onion,N/A,5
84,2bb3ab32-ba39-4713-8b72-9f97112ddcb8,Victor Manuel Calvet Guijarro,Palma,"Paseo Casandra Acevedo 19 Apt. 75 , Huesca, 06789",2026-05-01 22:18:00.672896,classic,14.5,1
84,6b07f58e-028d-44c1-9dcc-f7e126e3d45d,Rosario Muro Carvajal,Palma,"Paseo Casandra Acevedo 19 Apt. 75 , Huesca, 06789",2026-05-01 17:08:23.509438,classic,12.16,3
84,3922614b-0102-43c3-8a9d-2e6912dd3cf8,Hilda Perla Gálvez Colom,Palma,"Paseo Casandra Acevedo 19 Apt. 75 , Huesca, 06789",2026-05-01 14:39:43.718922,vegan,,3
84,e015bbe5-2f35-43c3-9f4e-b4dfb835c7bb,Eutropio Edmundo Ruano Bustos,Palma,"Paseo Casandra Acevedo 19 Apt. 75 , Huesca, 06789",2026-05-01 00:44:13.762493,classic,9.12,4
84,fa5cef21-aea9-498f-8a7d-fbbb30a31934,Silvio Mateo Zurita Sureda,Palma,"Paseo Casandra Acevedo 19 Apt. 75 , Huesca, 06789",2026-05-01 06:42:30.342831,vegan,11.41,2
84,2995598c-08ff-4a4b-adcc-85ac3f9522e7,Esteban Palma Verdejo,Palma,"Paseo Casandra Acevedo 19 Apt. 75 , Huesca, 06789",2026-05-01 16:36:44.061575,without_onion,N/A,1
84,3bc1ea5c-3f1f-4460-bcf1-13a2496a9e4d,Carmelita Pelayo Cerezo,Palma,"Paseo Casandra Acevedo 19 Apt. 75 , Huesca, 06789",2026-05-01 17:13:20.156233,vegan,7.84,2
84,80be5818-9b0d-4b6b-860d-5b6e95a01da5,Tecla Escrivá Ramos,Palma,"Paseo Casandra Acevedo 19 Apt. 75 , Huesca, 06789",2026-05-01 18:12:44.728097,without_onion,N/A,3
84,c91cdeab-6ddd-4696-92a2-a31b0a058474,Marcos Mayoral,Palma,"Paseo Casandra Acevedo 19 Apt. 75 , Huesca, 06789",2026-05-01 04:43:36.304897,classic,N/A,5
84,a3ad3eff-8184-42d5-b769-ca3e3416fef8,Liliana Hernandez Morell,Palma,"Paseo Casandra Acevedo 19 Apt. 75 , Huesca, 06789",2026-05-01 10:58:40.479761,without_onion,N/A,1
84,ab4a7d23-4f6a-441c-a09b-fc7282c40aac,Andrés Velázquez Valdés,Palma,"Paseo Casandra Acevedo 19 Apt. 75 , Huesca, 06789",2026-05-01 15:09:12.875943,vegan,,1
84,1a53611b-b6dd-491a-8861-42b776b258bf,Bibiana Agustín-Gallego,Palma,"Paseo Casandra Acevedo 19 Apt. 75 , Huesca, 06789",2026-05-01 09:16:24.297799,vegan,,5
84,0ca67f4a-79f1-45cb-8255-a50d9f684f64,Charo Rivero,Palma,"Paseo Casandra Acevedo 19 Apt. 75 , Huesca, 06789",2026-05-01 19:05:21.600630,with_onion,,1
84,182b710c-14ac-4a6a-a2c3-06c1bc9630b0,Fausto Telmo Salvà Villalonga,Palma,"Paseo Casandra Acevedo 19 Apt. 75 , Huesca, 06789",2026-05-01 18:06:33.280341,without_onion,8.51,2
84,24df26da-bed6-4ba9-8d51-985a0a2590ec,Ricarda Arenas Domingo,Palma,"Paseo Casandra Acevedo 19 Apt. 75 , Huesca, 06789",2026-05-01 01:16:09.226364,vegan,,4
84,776e0ea2-1db5-42cf-8e64-be2860613eea,Victoriano Benavent Villalobos,Palma,"Paseo Casandra Acevedo 19 Apt. 75 , Huesca, 06789",2026-05-01 11:47:05.999352,with_onion,9.95,4
84,66400d87-ad3e-4f3c-8765-96727bc7d797,Jose Manuel Vera,Palma,"Paseo Casandra Acevedo 19 Apt. 75 , Huesca, 06789",2026-05-01 01:10:30.208105,vegan,12.5,4
84,26190236-b359-4583-95ab-0821c8a39281,Maximiliano Pombo-Sevillano,Palma,"Paseo Casandra Acevedo 19 Apt. 75 , Huesca, 06789",2026-05-01 23:41:06.083165,classic,13.8,3
84,7877a76e-ae1a-428c-8fcd-337cc7fa92a1,Calixta Pont Piquer,Palma,"Paseo Casandra Acevedo 19 Apt. 75 , Huesca, 06789",2026-05-01 23:26:34.935617,vegan,11.25,3
84,480c6003-e986-443e-9a89-cb242325b7e6,Rómulo Porfirio Rosselló Delgado,Palma,"Paseo Casandra Acevedo 19 Apt. 75 , Huesca, 06789",2026-05-01 05:49:18.795441,classic,11.43,3
84,00e6b327-44f9-4982-9456-cd38f2ef5b2c,Mar Manrique Gelabert,Palma,"Paseo Casandra Acevedo 19 Apt. 75 , Huesca, 06789",2026-05-01 06:40:29.333151,vegan,N/A,1
84,a84c706b-85ff-4bd1-b25a-44ae52a2896a,Carmelita de Alarcón,Palma,"Paseo Casandra Acevedo 19 Apt. 75 , Huesca, 06789",2026-05-01 14:12:29.676735,without_onion,,3
84,bd3b2e0a-45a0-4de4-8156-64a8a32bae63,Daniela Solera Laguna,Palma,"Paseo Casandra Acevedo 19 Apt. 75 , Huesca, 06789",2026-05-01 20:15:29.036631,classic,,4
84,8026b95f-e4f2-4e73-937e-57c3eb9a7914,Rogelio Carbajo Robledo,Palma,"Paseo Casandra Acevedo 19 Apt. 75 , Huesca, 06789",2026-05-01 14:46:18.586808,vegan,N/A,5
84,c8f46fa4-e0e7-4fe7-af6d-749577529368,Felix Vidal Zamora,Palma,"Paseo Casandra Acevedo 19 Apt. 75 , Huesca, 06789",2026-05-01 07:38:03.004087,vegan,9.43,3
84,6af7620e-6ccd-4215-bd90-4f85340302f0,Pepe Bayona Salmerón,Palma,"Paseo Casandra Acevedo 19 Apt. 75 , Huesca, 06789",2026-05-01 08:19:55.091716,classic,N/A,2
84,69e2d23c-b037-48fe-874e-143d9190d68a,Mar Benitez Doménech,Palma,"Paseo Casandra Acevedo 19 Apt. 75 , Huesca, 06789",2026-05-01 10:55:52.527511,classic,N/A,4
84,310f554a-2542-4ae3-9bf4-9f0abc755d01,Zaida Domingo Juliá,Palma,"Paseo Casandra Acevedo 19 Apt. 75 , Huesca, 06789",2026-05-01 00:18:27.332512,vegan,10.82,4
84,7149830c-74cc-46a7-89b7-69569f2a67ff,Carina Jove-Crespo,Palma,"Paseo Casandra Acevedo 19 Apt. 75 , Huesca, 06789",2026-05-01 19:34:18.590702,with_onion,,2
84,c2292626-eefc-4150-9814-4bf6f46b84ed,Brunilda Inés Medina Goñi,Palma,"Paseo Casandra Acevedo 19 Apt. 75 , Huesca, 06789",2026-05-01 13:59:13.161062,with_onion,,4
84,746b5b30-55ba-44c6-8ffa-b6b09debd571,Julio César Yuste Manrique,Palma,"Paseo Casandra Acevedo 19 Apt. 75 , Huesca, 06789",2026-05-01 22:41:35.196974,without_onion,6.43,1
84,ef3bede0-87fe-4ec1-aa50-b0d363514b8b,Celso Abril Royo,Palma,"Paseo Casandra Acevedo 19 Apt. 75 , Huesca, 06789",2026-05-01 14:31:37.491340,classic,10.21,4
84,0d805e90-fee8-4112-8519-8817f7e8698f,Aurelio Bonifacio Arribas Rivero,Palma,"Paseo Casandra Acevedo 19 Apt. 75 , Huesca, 06789",2026-05-01 17:08:28.483906,classic,,5
84,7be1bbc1-b078-432b-82a2-37ba6d8bb6b1,Adalberto Figuerola Ruiz,Palma,"Paseo Casandra Acevedo 19 Apt. 75 , Huesca, 06789",2026-05-01 06:04:20.544948,classic,,5
84,da5a8506-4185-411a-8251-aa715059c367,Fortunato de Vendrell,Palma,"Paseo Casandra Acevedo 19 Apt. 75 , Huesca, 06789",2026-05-01 06:22:34.464023,vegan,N/A,3
84,50a47234-c531-4e12-bdd2-677e86bde128,Irma María José Cortes Tomas,Palma,"Paseo Casandra Acevedo 19 Apt. 75 , Huesca, 06789",2026-05-01 00:52:33.557728,classic,11.54,4
84,29fdeefc-4e89-47a4-ae01-7e0a464f58cb,Vasco Lastra Cadenas,Palma,"Paseo Casandra Acevedo 19 Apt. 75 , Huesca, 06789",2026-05-01 06:05:08.562643,without_onion,N/A,4
84,957c7f64-ea9d-47ba-9ff0-82d9ca7a9343,Eligio Bueno Carpio,Palma,"Paseo Casandra Acevedo 19 Apt. 75 , Huesca, 06789",2026-05-01 13:34:41.134096,without_onion,14.99,1
84,14bfac33-5d94-43dc-8aae-ee3e6f93e818,Venceslás Viana Llano,Palma,"Paseo Casandra Acevedo 19 Apt. 75 , Huesca, 06789",2026-05-01 03:35:13.705244,without_onion,14.86,1
84,73b59305-f3fb-4113-bd0f-a2729fcd5783,Kike Borrás Cueto,Palma,"Paseo Casandra Acevedo 19 Apt. 75 , Huesca, 06789",2026-05-01 01:56:40.217941,classic,13.16,5
84,4346f761-8101-4b0a-9456-7d81aa11d70f,Sonia Villanueva Salas,Palma,"Paseo Casandra Acevedo 19 Apt. 75 , Huesca, 06789",2026-05-01 08:23:11.777985,without_onion,N/A,4
84,8ab35708-bac3-42b3-ac7a-92d4f269f502,Gema Pozo-Lledó,Palma,"Paseo Casandra Acevedo 19 Apt. 75 , Huesca, 06789",2026-05-01 22:25:15.835944,vegan,5.96,5
84,a0fab013-3041-4291-87ca-03315ded7e48,Fabián Vendrell Jimenez,Palma,"Paseo Casandra Acevedo 19 Apt. 75 , Huesca, 06789",2026-05-01 10:58:47.003913,classic,N/A,1
84,c9e785c8-6987-41d9-8d0e-f64af7ccbf17,Priscila Yuste Mir,Palma,"Paseo Casandra Acevedo 19 Apt. 75 , Huesca, 06789",2026-05-01 11:47:20.804128,vegan,,2
84,96be95be-f288-423c-96ea-d5db8821a361,María Manuela de Santos,Palma,"Paseo Casandra Acevedo 19 Apt. 75 , Huesca, 06789",2026-05-01 02:51:46.561721,without_onion,,5
84,62b98c46-314c-4efa-991f-5e8ce58aa7b3,Azeneth Soria,Palma,"Paseo Casandra Acevedo 19 Apt. 75 , Huesca, 06789",2026-05-01 11:04:04.879623,with_onion,,4
84,cdc5076c-ef56-429f-ba7a-f73a72ec6a4a,Prudencio Alcázar,Palma,"Paseo Casandra Acevedo 19 Apt. 75 , Huesca, 06789",2026-05-01 19:53:15.175772,with_onion,,1
84,504f5d16-a056-4b81-b2bf-8362ee7fbe4c,José Luis Gabriel Tamayo Pi,Palma,"Paseo Casandra Acevedo 19 Apt. 75 , Huesca, 06789",2026-05-01 22:01:24.792689,without_onion,11.12,4
84,fde58594-2196-435c-bb66-394d2084868a,Gabriel Zamora Cabañas,Palma,"Paseo Casandra Acevedo 19 Apt. 75 , Huesca, 06789",2026-05-01 19:14:20.003138,vegan,N/A,2
84,9aa8f527-3b4c-4a35-8f6f-750def14b882,Lorenza Castelló-Riba,Palma,"Paseo Casandra Acevedo 19 Apt. 75 , Huesca, 06789",2026-05-01 18:34:37.159106,with_onion,,2
84,7cbb8c33-ce79-4177-8883-9066a9124f4b,Piedad Enríquez Larrea,Palma,"Paseo Casandra Acevedo 19 Apt. 75 , Huesca, 06789",2026-05-01 04:19:29.844700,with_onion,13.69,4
84,2ac09fe4-8a8b-4647-b6ba-e6632471bbc7,Ariel Pedro Pagès,Palma,"Paseo Casandra Acevedo 19 Apt. 75 , Huesca, 06789",2026-05-01 03:09:43.688309,without_onion,9.36,1
84,7c0338dc-780f-47f1-9050-92bea08ca496,Eliseo Cepeda Peláez,Palma,"Paseo Casandra Acevedo 19 Apt. 75 , Huesca, 06789",2026-05-01 03:26:33.285915,vegan,13.58,4
84,3dd3955e-53b4-49f9-a18e-ae1bee4a4141,Samuel Cabanillas Lamas,Palma,"Paseo Casandra Acevedo 19 Apt. 75 , Huesca, 06789",2026-05-01 17:35:06.689339,classic,11.35,2
84,aa449457-b594-4f21-9184-f3ab853fb400,Custodia Perea-Cerdán,Palma,"Paseo Casandra Acevedo 19 Apt. 75 , Huesca, 06789",2026-05-01 06:59:48.548031,vegan,6.49,2
84,b33494d8-ecd7-454a-adb2-f35dbe3fe942,Armida de Carranza,Palma,"Paseo Casandra Acevedo 19 Apt. 75 , Huesca, 06789",2026-05-01 18:06:42.510717,classic,N/A,2
84,bcf26923-ec0e-44c4-9777-1000b31ff1be,Elisabet Aller Bellido,Palma,"Paseo Casandra Acevedo 19 Apt. 75 , Huesca, 06789",2026-05-01 15:04:45.941082,vegan,N/A,3
84,eb04d36b-0bb8-440f-a524-53c1b1d13638,Renato Rosales Ferrando,Palma,"Paseo Casandra Acevedo 19 Apt. 75 , Huesca, 06789",2026-05-01 14:19:38.169653,vegan,N/A,1
84,19536107-51b4-46bf-acac-ee2173393ef2,Luciano de Iniesta,Palma,"Paseo Casandra Acevedo 19 Apt. 75 , Huesca, 06789",2026-05-01 05:41:55.230263,with_onion,N/A,2
84,5e5c872b-bfc2-4b44-b869-8d62e31cd16f,Sergio Escudero Borrego,Palma,"Paseo Casandra Acevedo 19 Apt. 75 , Huesca, 06789",2026-05-01 14:14:14.318314,classic,,2
84,e17e3bee-fdcf-44cd-9e46-00cf77b31f00,Francisco Javier Posada Ferrándiz,Palma,"Paseo Casandra Acevedo 19 Apt. 75 , Huesca, 06789",2026-05-01 21:13:42.607484,classic,,1
84,3e484807-b0f9-455b-93d8-14ed52367e26,Feliciana Mariño,Palma,"Paseo Casandra Acevedo 19 Apt. 75 , Huesca, 06789",2026-05-01 20:10:02.383526,vegan,9.41,4
84,13ed1e78-b0d6-4158-90f7-0eb8e8cf2d59,Aitana Coronado Vazquez,Palma,"Paseo Casandra Acevedo 19 Apt. 75 , Huesca, 06789",2026-05-01 20:19:33.851766,classic,13.84,2
84,8b887cd7-da90-446f-88da-7d6a038d8cfe,Severo Rey Saavedra,Palma,"Paseo Casandra Acevedo 19 Apt. 75 , Huesca, 06789",2026-05-01 04:04:12.173627,with_onion,13.21,4
84,579d053d-ab0f-40e2-9732-bb15c7222e3b,Emilia Angulo-Grau,Palma,"Paseo Casandra Acevedo 19 Apt. 75 , Huesca, 06789",2026-05-01 05:51:19.666042,vegan,6.65,2
84,a4b826e3-8d4e-498c-8c95-fe92f012d8a5,Eutimio Ocaña Vázquez,Palma,"Paseo Casandra Acevedo 19 Apt. 75 , Huesca, 06789",2026-05-01 18:57:39.870407,without_onion,5.63,5
84,fbdc6bb7-b0d6-4782-9cea-f6e41859144b,Juan Carlos Acuña Matas,Palma,"Paseo Casandra Acevedo 19 Apt. 75 , Huesca, 06789",2026-05-01 13:31:33.699039,vegan,,3
84,27327058-ef83-48ee-ae44-6a34e870edb8,Lorenzo del Nicolau,Palma,"Paseo Casandra Acevedo 19 Apt. 75 , Huesca, 06789",2026-05-01 20:14:07.098324,without_onion,N/A,2
84,fd830f27-052e-428f-b542-88e2fbdcaad8,María Del Carmen Gordillo Aranda,Palma,"Paseo Casandra Acevedo 19 Apt. 75 , Huesca, 06789",2026-05-01 18:16:21.447783,vegan,,1
84,9edc7947-86d4-41e0-b2c7-ed30e682ae75,Esther Romeu Millán,Palma,"Paseo Casandra Acevedo 19 Apt. 75 , Huesca, 06789",2026-05-01 10:35:30.953827,without_onion,,5
84,613fe704-ceab-47e1-a191-194fe62ef052,Jose Oliver Domingo,Palma,"Paseo Casandra Acevedo 19 Apt. 75 , Huesca, 06789",2026-05-01 06:30:34.207502,with_onion,5.43,3
84,f8cb20ad-5f81-4e5a-a6ef-bf03fcbbf495,Celso Barba Fernández,Palma,"Paseo Casandra Acevedo 19 Apt. 75 , Huesca, 06789",2026-05-01 09:02:38.566345,without_onion,N/A,2
84,17d71724-35ff-4472-af87-5dd32e69f504,Godofredo Reina Salom,Palma,"Paseo Casandra Acevedo 19 Apt. 75 , Huesca, 06789",2026-05-01 16:45:22.240088,vegan,6.08,1
84,40e358ae-574e-445e-bbb5-27693e9dc086,Reyes Flor Cabeza,Palma,"Paseo Casandra Acevedo 19 Apt. 75 , Huesca, 06789",2026-05-01 20:59:04.537251,vegan,N/A,5
84,a5cb6f44-8153-46c9-ad61-dd97db9a3c83,María Belén Pelayo-Pavón,Palma,"Paseo Casandra Acevedo 19 Apt. 75 , Huesca, 06789",2026-05-01 20:45:59.212220,vegan,N/A,2
84,312aafac-bec3-4cf4-a07e-a92d3cf18da6,Hilda Bonet-Lara,Palma,"Paseo Casandra Acevedo 19 Apt. 75 , Huesca, 06789",2026-05-01 04:47:52.470006,vegan,,2
84,9f24f6b6-60c7-41b9-ade8-db5e4082ff6d,Victor Manuel Armas Pastor,Palma,"Paseo Casandra Acevedo 19 Apt. 75 , Huesca, 06789",2026-05-01 21:13:19.360081,classic,10.63,1
84,8d6724ff-0797-4365-ae5a-dd2aec734552,Griselda Rebeca Barroso Espinosa,Palma,"Paseo Casandra Acevedo 19 Apt. 75 , Huesca, 06789",2026-05-01 13:36:58.631680,classic,10.69,2
84,8285655b-21f3-4849-9b7b-568af34dc0d6,Rico Llano González,Palma,"Paseo Casandra Acevedo 19 Apt. 75 , Huesca, 06789",2026-05-01 19:25:14.487833,with_onion,,1
84,57b35d32-d72a-45a7-bd0c-d28698e56b0e,Telmo Valle Barceló,Palma,"Paseo Casandra Acevedo 19 Apt. 75 , Huesca, 06789",2026-05-01 00:46:27.879041,without_onion,N/A,1
84,3642d4b9-c107-465c-9fc6-78edd1310654,Irene Garcia Verdú,Palma,"Paseo Casandra Acevedo 19 Apt. 75 , Huesca, 06789",2026-05-01 23:59:18.221080,with_onion,,2
84,58634fcf-6d6a-4ab2-850d-fd1ea743a065,Máximo Marti Pi,Palma,"Paseo Casandra Acevedo 19 Apt. 75 , Huesca, 06789",2026-05-01 02:53:24.570859,classic,N/A,5
84,878892a0-23f0-4ac6-bd71-c7502e046aa9,Seve Dalmau Sabater,Palma,"Paseo Casandra Acevedo 19 Apt. 75 , Huesca, 06789",2026-05-01 22:03:39.042559,vegan,N/A,1
84,b27d7aa3-ce88-45de-8b73-58187d1417ed,Concepción Higueras Guerra,Palma,"Paseo Casandra Acevedo 19 Apt. 75 , Huesca, 06789",2026-05-01 20:36:59.392276,vegan,6.85,5
84,ee32beec-400b-4fa4-ba31-bef706db0511,Danilo Plana-Angulo,Palma,"Paseo Casandra Acevedo 19 Apt. 75 , Huesca, 06789",2026-05-01 10:48:47.725499,classic,N/A,4
84,260e091e-8899-413b-8e17-45296810cc37,Espiridión Araujo-Viana,Palma,"Paseo Casandra Acevedo 19 Apt. 75 , Huesca, 06789",2026-05-01 10:07:47.779690,vegan,,1
84,dc508815-bc71-430b-9e53-700c01cad197,Melisa Barranco Elorza,Palma,"Paseo Casandra Acevedo 19 Apt. 75 , Huesca, 06789",2026-05-01 19:18:20.342278,without_onion,7.15,5
84,16f2a15b-467e-4ee5-87ab-1e8ac3a1f3f7,Bautista Alcalde Pont,Palma,"Paseo Casandra Acevedo 19 Apt. 75 , Huesca, 06789",2026-05-01 08:24:14.456047,classic,11.04,5
84,d9795e72-0028-47c2-ac60-178e40dc5f98,Ángeles de Lobo,Palma,"Paseo Casandra Acevedo 19 Apt. 75 , Huesca, 06789",2026-05-01 02:38:16.184503,without_onion,,2
84,315e4a4e-4025-4975-9133-34f5dc1036c9,Juanita Quirós Quintana,Palma,"Paseo Casandra Acevedo 19 Apt. 75 , Huesca, 06789",2026-05-01 14:45:41.240345,classic,8.56,5
84,ff1fd60d-806a-476e-a329-19b2b1396b16,Hugo Ávila Cárdenas,Palma,"Paseo Casandra Acevedo 19 Apt. 75 , Huesca, 06789",2026-05-01 00:39:09.816563,classic,N/A,3
84,1f7aabb4-6d1a-4115-9dc9-9047a3a4bf08,Jose Ramón Teruel Crespi,Palma,"Paseo Casandra Acevedo 19 Apt. 75 , Huesca, 06789",2026-05-01 11:59:27.450227,vegan,6.53,4
84,38a12830-4a72-4ee0-9b2b-412e5ebf605e,Ezequiel Santamaria Alberdi,Palma,"Paseo Casandra Acevedo 19 Apt. 75 , Huesca, 06789",2026-05-01 22:58:02.586643,classic,,2
84,42692450-a7b8-4d6d-b0fc-aa744f632514,Edelmiro Llopis Galvez,Palma,"Paseo Casandra Acevedo 19 Apt. 75 , Huesca, 06789",2026-05-01 20:34:09.985568,classic,,5
84,640ef1be-df43-4f2b-bc71-c50df30e3e32,Sonia Pulido Cabrero,Palma,"Paseo Casandra Acevedo 19 Apt. 75 , Huesca, 06789",2026-05-01 16:41:43.764393,classic,,4
84,13723149-aed8-40b1-b58b-1e337960a6a9,Humberto Soria Gascón,Palma,"Paseo Casandra Acevedo 19 Apt. 75 , Huesca, 06789",2026-05-01 01:05:24.951234,with_onion,14.35,4
84,e9c7bd76-6baa-4bd0-91b9-e1ff74a85ebb,Isabel Morillo Sevilla,Palma,"Paseo Casandra Acevedo 19 Apt. 75 , Huesca, 06789",2026-05-01 18:20:33.053332,vegan,N/A,5
84,4a399d66-001b-4428-83fe-c0388889941c,Nazaret Hierro Ferrández,Palma,"Paseo Casandra Acevedo 19 Apt. 75 , Huesca, 06789",2026-05-01 14:05:47.639426,without_onion,5.86,4
84,0ea5cdd2-edd1-4ddd-ae4b-0e79b0b6b66b,Gertrudis Velasco Santiago,Palma,"Paseo Casandra Acevedo 19 Apt. 75 , Huesca, 06789",2026-05-01 04:06:26.356753,with_onion,N/A,1
84,3ba95750-b0c0-48f3-8089-97294fb91c7a,Teobaldo Hernando-Dominguez,Palma,"Paseo Casandra Acevedo 19 Apt. 75 , Huesca, 06789",2026-05-01 05:21:12.735179,classic,,3
84,2dfb21dc-7d76-438d-844d-db1d3c85d0a2,Baudelio Rubio Garriga,Palma,"Paseo Casandra Acevedo 19 Apt. 75 , Huesca, 06789",2026-05-01 06:43:45.031694,classic,,3
84,cb434746-69b1-4dfc-933e-80779df65fcf,Quique del Crespo,Palma,"Paseo Casandra Acevedo 19 Apt. 75 , Huesca, 06789",2026-05-01 20:18:28.024655,with_onion,N/A,2
84,0926d496-ae62-4966-9d95-8165bd64925e,Herminio Pablo Albero,Palma,"Paseo Casandra Acevedo 19 Apt. 75 , Huesca, 06789",2026-05-01 10:41:56.462591,classic,N/A,5
84,3f56dc7c-3721-43a0-9e0d-b8f44bd2d31f,Bernabé Valderrama Rosado,Palma,"Paseo Casandra Acevedo 19 Apt. 75 , Huesca, 06789",2026-05-01 15:43:43.866624,with_onion,,5
84,9980f291-2f79-4b08-b4fe-44129b5366f1,Lorenza Pera Perea,Palma,"Paseo Casandra Acevedo 19 Apt. 75 , Huesca, 06789",2026-05-01 00:53:33.407239,without_onion,,3
84,05dca405-d033-4379-875c-90fb18064014,Martín Gabaldón Calderon,Palma,"Paseo Casandra Acevedo 19 Apt. 75 , Huesca, 06789",2026-05-01 23:02:28.469593,classic,6.69,5
84,d456bc50-70d6-4259-90fd-9eae1c27cf0f,Maximiliano Castellanos Revilla,Palma,"Paseo Casandra Acevedo 19 Apt. 75 , Huesca, 06789",2026-05-01 21:27:49.599518,vegan,,5
84,fba6b1a0-8691-4a99-aef7-bb15f3feec32,Teodora del Gordillo,Palma,"Paseo Casandra Acevedo 19 Apt. 75 , Huesca, 06789",2026-05-01 13:20:38.558006,vegan,N/A,2
84,af0ea2e8-7426-41fd-a584-1ce66e08af79,José María Cantón Cruz,Palma,"Paseo Casandra Acevedo 19 Apt. 75 , Huesca, 06789",2026-05-01 12:17:41.313257,with_onion,N/A,3
84,25bea595-c72e-4b3c-9085-80a2dbd0e949,Selena Carlota Riera Giménez,Palma,"Paseo Casandra Acevedo 19 Apt. 75 , Huesca, 06789",2026-05-01 01:55:53.761643,with_onion,,2
84,e734a26c-c529-4553-b0d4-fba53da0036e,Celestina Fuertes Ojeda,Palma,"Paseo Casandra Acevedo 19 Apt. 75 , Huesca, 06789",2026-05-01 18:38:46.297355,classic,12.24,3
84,fad89a50-512e-4ec6-b927-14d918dfb1f4,David Uribe-Casals,Palma,"Paseo Casandra Acevedo 19 Apt. 75 , Huesca, 06789",2026-05-01 20:54:25.105357,classic,6.62,4
84,8fbb3f2b-d513-45fc-9597-c61920e9dc1d,Paulino Espinosa Esteve,Palma,"Paseo Casandra Acevedo 19 Apt. 75 , Huesca, 06789",2026-05-01 12:07:34.627342,without_onion,N/A,2
84,2542a546-6fe5-40c8-97a9-025ccd53f9d9,Héctor Chaparro-Blanes,Palma,"Paseo Casandra Acevedo 19 Apt. 75 , Huesca, 06789",2026-05-01 10:50:38.494797,without_onion,,5
84,7c0714b8-3bf0-46ee-8274-1c211fd90b4a,Baldomero Batlle Rosado,Palma,"Paseo Casandra Acevedo 19 Apt. 75 , Huesca, 06789",2026-05-01 19:43:36.716792,without_onion,,1
84,1744b7f6-aa23-4d1b-8e59-a2ac8ccecf1e,Plinio del Anaya,Palma,"Paseo Casandra Acevedo 19 Apt. 75 , Huesca, 06789",2026-05-01 03:31:09.707787,without_onion,8.05,5
84,ae7cad1b-3fe6-49b2-b393-8aa7f64a9dc3,Ignacia Moraleda,Palma,"Paseo Casandra Acevedo 19 Apt. 75 , Huesca, 06789",2026-05-01 23:26:08.714937,vegan,12.27,3
84,59adcbee-d8db-4949-a2a0-908612c3249f,Eustaquio Baldomero Asensio Cabañas,Palma,"Paseo Casandra Acevedo 19 Apt. 75 , Huesca, 06789",2026-05-01 04:06:40.415226,vegan,N/A,4
84,0cb2dcb1-3b0e-4808-aac4-545399180a4b,Josep Recio Guillen,Palma,"Paseo Casandra Acevedo 19 Apt. 75 , Huesca, 06789",2026-05-01 08:03:32.087095,with_onion,,3
84,99a73859-5fcf-4d5f-845d-0f6fd7fc7502,Américo Luís Escribano,Palma,"Paseo Casandra Acevedo 19 Apt. 75 , Huesca, 06789",2026-05-01 02:55:19.952022,with_onion,N/A,2
84,4dc9b846-10ed-46be-98d8-f12f494bd38a,Pili de Solsona,Palma,"Paseo Casandra Acevedo 19 Apt. 75 , Huesca, 06789",2026-05-01 20:04:59.615836,without_onion,,3
84,dc948f0d-0d35-49a5-8539-e4851a3bcaa9,Agustina Costa Huerta,Palma,"Paseo Casandra Acevedo 19 Apt. 75 , Huesca, 06789",2026-05-01 13:53:06.485600,classic,N/A,4
84,08ee714a-b8bb-4a49-9db2-28d2630f0b4a,Gervasio de Lladó,Palma,"Paseo Casandra Acevedo 19 Apt. 75 , Huesca, 06789",2026-05-01 07:13:47.796988,vegan,,3
84,958ad9a6-f669-4256-a4c2-8f6f91e7d283,Rita Suárez Sarmiento,Palma,"Paseo Casandra Acevedo 19 Apt. 75 , Huesca, 06789",2026-05-01 09:43:08.103121,classic,10.6,4
84,223a0d38-eace-4b83-b3cc-36f957175f9e,Zoraida Emelina Navas Morales,Palma,"Paseo Casandra Acevedo 19 Apt. 75 , Huesca, 06789",2026-05-01 22:45:24.984532,vegan,8.91,5
84,8b268e49-1e26-4386-9080-4391b4f0012a,Gloria Ríos Miranda,Palma,"Paseo Casandra Acevedo 19 Apt. 75 , Huesca, 06789",2026-05-01 22:54:49.552129,with_onion,N/A,1
84,182954f8-260d-405b-8cfb-8abe8e6fc4c5,Rafa Nadal Borrás,Palma,"Paseo Casandra Acevedo 19 Apt. 75 , Huesca, 06789",2026-05-01 21:41:41.236958,without_onion,,5
84,63288066-4b8d-4af2-9ef6-4a791e4ebf8a,Bonifacio Arjona,Palma,"Paseo Casandra Acevedo 19 Apt. 75 , Huesca, 06789",2026-05-01 02:10:45.643655,without_onion,7.18,4
84,52a9a6ff-268f-477b-ac9e-87013c45cf1a,Teresita de Collado,Palma,"Paseo Casandra Acevedo 19 Apt. 75 , Huesca, 06789",2026-05-01 18:42:43.416187,with_onion,11.54,5
84,bc128ade-9beb-4d5d-982f-61387e261b13,Regina del Olivé,Palma,"Paseo Casandra Acevedo 19 Apt. 75 , Huesca, 06789",2026-05-01 15:43:04.116756,vegan,11.89,1
84,1a1381b6-827a-4049-9f4b-3f3140cbcee7,Itziar del Vergara,Palma,"Paseo Casandra Acevedo 19 Apt. 75 , Huesca, 06789",2026-05-01 20:21:05.033289,classic,N/A,2
84,2d52c3f8-2421-4d7c-98c4-7e124e1faf5d,Fernanda Blanco Antón,Palma,"Paseo Casandra Acevedo 19 Apt. 75 , Huesca, 06789",2026-05-01 22:01:43.280506,without_onion,9.23,2
84,7c1be804-2ece-431a-a66d-b94d1b48ee66,Severo Pintor Benito,Palma,"Paseo Casandra Acevedo 19 Apt. 75 , Huesca, 06789",2026-05-01 19:25:42.266859,with_onion,,5
84,2bec7f93-b329-4f02-901f-eb04bdeb3048,Vidal Millán Vallés,Palma,"Paseo Casandra Acevedo 19 Apt. 75 , Huesca, 06789",2026-05-01 07:52:32.546676,vegan,,5
84,969fdcaf-c0fe-46bc-9ffd-0c0402e24f11,Victor Manuel Ramos-Torrijos,Palma,"Paseo Casandra Acevedo 19 Apt. 75 , Huesca, 06789",2026-05-01 10:34:53.045188,with_onion,N/A,5
84,f9925fd6-0485-42eb-92c3-e44b6ba26e12,Urbano Nevado Morillo,Palma,"Paseo Casandra Acevedo 19 Apt. 75 , Huesca, 06789",2026-05-01 18:57:10.182322,classic,N/A,3
84,4e657fcf-b45c-4899-ad8c-1d1d9eb794ea,Ariadna de Bernad,Palma,"Paseo Casandra Acevedo 19 Apt. 75 , Huesca, 06789",2026-05-01 20:56:26.436864,with_onion,,3
84,3cd697a3-be5e-4823-b1cd-78bc6f6dcadb,Berto Cobos Guzmán,Palma,"Paseo Casandra Acevedo 19 Apt. 75 , Huesca, 06789",2026-05-01 21:02:49.917355,with_onion,N/A,2
84,52748362-f837-43e7-ada8-f48e1eb27b7e,Reyes de Bárcena,Palma,"Paseo Casandra Acevedo 19 Apt. 75 , Huesca, 06789",2026-05-01 17:59:18.854673,without_onion,11.25,4
84,5d7c31e9-aa03-4cbf-956d-88d76b36bf5a,Jenny Trujillo Sales,Palma,"Paseo Casandra Acevedo 19 Apt. 75 , Huesca, 06789",2026-05-01 12:52:54.170129,vegan,,4
84,337865e3-9c63-4719-98f5-6820382bd6dc,Ernesto Pujadas Arjona,Palma,"Paseo Casandra Acevedo 19 Apt. 75 , Huesca, 06789",2026-05-01 04:07:58.719111,classic,N/A,1
84,b89271f8-b21c-40e9-b23e-2cec34222353,Isaura Adelina Ledesma Carmona,Palma,"Paseo Casandra Acevedo 19 Apt. 75 , Huesca, 06789",2026-05-01 09:50:08.857791,without_onion,N/A,5
84,c4742877-e04f-4a77-b66b-4f483b6f7366,Paulino Barroso Fabregat,Palma,"Paseo Casandra Acevedo 19 Apt. 75 , Huesca, 06789",2026-05-01 14:57:47.863992,vegan,N/A,1
84,1abc918d-d255-466c-a874-958c9999ef4f,Evelia Roselló,Palma,"Paseo Casandra Acevedo 19 Apt. 75 , Huesca, 06789",2026-05-01 02:51:21.916978,vegan,,1
84,474031cd-a2f3-4ad8-8bae-7053087281f7,Estela Cuenca Rocamora,Palma,"Paseo Casandra Acevedo 19 Apt. 75 , Huesca, 06789",2026-05-01 09:32:32.572455,with_onion,,3
84,5c3c7026-1bad-4463-b79c-6f83fb62a03b,Amílcar del Quero,Palma,"Paseo Casandra Acevedo 19 Apt. 75 , Huesca, 06789",2026-05-01 00:54:44.357660,with_onion,N/A,1
84,da45a05b-4053-4149-bf2f-95b3b31b1412,Modesta Amorós-Gallego,Palma,"Paseo Casandra Acevedo 19 Apt. 75 , Huesca, 06789",2026-05-01 10:13:05.587844,vegan,11.57,5
84,d265b93a-a5a1-476b-85fc-82fb3e75030a,Ruperto Antonio Barroso Casals,Palma,"Paseo Casandra Acevedo 19 Apt. 75 , Huesca, 06789",2026-05-01 07:14:31.378302,without_onion,N/A,2
84,4fd24502-9e8d-4317-9c0f-fa2534ac3b34,María Cristina de Téllez,Palma,"Paseo Casandra Acevedo 19 Apt. 75 , Huesca, 06789",2026-05-01 18:44:37.734242,without_onion,N/A,4
84,ca070a8d-f9a1-4b36-ac56-a1b42e550ff4,Clímaco Correa Nogueira,Palma,"Paseo Casandra Acevedo 19 Apt. 75 , Huesca, 06789",2026-05-01 07:43:09.948675,without_onion,N/A,5
84,b10aaa1b-b2f4-4541-aabc-27efd053cd51,Jacinta Peñalver Aguirre,Palma,"Paseo Casandra Acevedo 19 Apt. 75 , Huesca, 06789",2026-05-01 10:25:19.044243,without_onion,,4
84,8f73c3e3-0998-45c2-ba2e-c50089444e07,Felicidad Aura Godoy Gil,Palma,"Paseo Casandra Acevedo 19 Apt. 75 , Huesca, 06789",2026-05-01 06:16:19.693528,vegan,,5
84,ff942457-e141-46f6-94b9-7756126de754,Paola de Álamo,Palma,"Paseo Casandra Acevedo 19 Apt. 75 , Huesca, 06789",2026-05-01 11:23:05.413152,with_onion,,3
84,ca593f07-4eb5-420a-9d51-4eb9d9656b82,Florentino del Vicente,Palma,"Paseo Casandra Acevedo 19 Apt. 75 , Huesca, 06789",2026-05-01 00:26:51.058218,vegan,,5
84,4ef83434-ce91-415a-b3a0-2083a05e4f93,Edu Ortuño Raya,Palma,"Paseo Casandra Acevedo 19 Apt. 75 , Huesca, 06789",2026-05-01 04:19:13.840664,without_onion,5.88,3
84,e8354879-ec3d-4c4b-bc6c-f8732a5361c6,Alicia Guitart Bárcena,Palma,"Paseo Casandra Acevedo 19 Apt. 75 , Huesca, 06789",2026-05-01 09:44:49.923347,classic,,3
84,e5cc942c-f4f9-44a0-a2af-9d31eef7c5f8,Jordi Roselló Pozo,Palma,"Paseo Casandra Acevedo 19 Apt. 75 , Huesca, 06789",2026-05-01 05:57:44.507150,classic,,4
84,edb96691-19ec-4d8f-99b8-41ca6a8bba84,Jovita Ropero Laguna,Palma,"Paseo Casandra Acevedo 19 Apt. 75 , Huesca, 06789",2026-05-01 10:09:07.565162,vegan,N/A,1
84,313cb8f4-4703-4307-b0b0-2fbe7feb0e49,Sebastián Adán Ferreras,Palma,"Paseo Casandra Acevedo 19 Apt. 75 , Huesca, 06789",2026-05-01 08:26:38.374743,vegan,,4
84,139eb29f-ff2c-4324-98e1-62f430ba4d64,Epifanio Chacón Amorós,Palma,"Paseo Casandra Acevedo 19 Apt. 75 , Huesca, 06789",2026-05-01 10:46:47.784782,with_onion,,4
84,e62656f3-d3f8-496f-aa31-0930714293d7,Gastón Nevado,Palma,"Paseo Casandra Acevedo 19 Apt. 75 , Huesca, 06789",2026-05-01 18:38:26.484864,classic,5.94,5
84,ab68e5e1-929e-4821-94ef-10a284f08fac,Guadalupe Morata Cabello,Palma,"Paseo Casandra Acevedo 19 Apt. 75 , Huesca, 06789",2026-05-01 05:58:23.155942,vegan,12.52,5
84,d16868a8-b4d4-4a0d-9d21-c8f31e0280fa,Miguel Vázquez Ramis,Palma,"Paseo Casandra Acevedo 19 Apt. 75 , Huesca, 06789",2026-05-01 13:42:05.671890,classic,9.04,3
84,c6f71312-1ff1-48bf-bd3c-aa73300a40f5,Agustín Serna Osorio,Palma,"Paseo Casandra Acevedo 19 Apt. 75 , Huesca, 06789",2026-05-01 21:47:15.285399,with_onion,,4
84,eb5a43c2-5648-44f3-9a7f-97fd78b82cb5,Luis Vergara Tamayo,Palma,"Paseo Casandra Acevedo 19 Apt. 75 , Huesca, 06789",2026-05-01 05:14:26.094677,without_onion,10.82,2
84,9928fc56-b6b3-4a25-a3a5-ec2644045f98,Eva María Caro Pacheco,Palma,"Paseo Casandra Acevedo 19 Apt. 75 , Huesca, 06789",2026-05-01 16:13:17.823662,classic,12.02,2
84,4b5bdfb2-aefa-40b2-be8b-655b726d2418,Humberto Manso Adadia,Palma,"Paseo Casandra Acevedo 19 Apt. 75 , Huesca, 06789",2026-05-01 16:25:16.355412,without_onion,9.27,2
84,a4cc49e6-b4f9-4116-b4b2-fe50c365543a,Hector Bernabé Arce Bertrán,Palma,"Paseo Casandra Acevedo 19 Apt. 75 , Huesca, 06789",2026-05-01 19:18:23.318835,vegan,,3
84,02f06580-044b-411b-952f-78f431c6a976,Olivia Maricela Mateo Segura,Palma,"Paseo Casandra Acevedo 19 Apt. 75 , Huesca, 06789",2026-05-01 02:27:33.582168,vegan,N/A,2
84,07f3cd71-3db0-4e79-b207-ab304acfcc09,Cleto Demetrio Aragonés Bermúdez,Palma,"Paseo Casandra Acevedo 19 Apt. 75 , Huesca, 06789",2026-05-01 16:54:18.538320,vegan,5.73,4
84,68af0a23-76b8-4109-bf54-17f7c11c1295,Imelda de Calzada,Palma,"Paseo Casandra Acevedo 19 Apt. 75 , Huesca, 06789",2026-05-01 01:08:50.204398,classic,13.85,1
84,45a31490-8bb4-4c1a-bd82-a2b74d1a4723,Saturnina Corominas Rojas,Palma,"Paseo Casandra Acevedo 19 Apt. 75 , Huesca, 06789",2026-05-01 21:26:46.723857,without_onion,8.56,2
84,f4376dca-2f0b-4ba9-966c-05c4c49511a4,Carlito Ugarte,Palma,"Paseo Casandra Acevedo 19 Apt. 75 , Huesca, 06789",2026-05-01 10:26:26.053505,without_onion,10.44,2
84,56546154-ef1a-4da1-b339-0585784576e9,Cebrián Pujol Mata,Palma,"Paseo Casandra Acevedo 19 Apt. 75 , Huesca, 06789",2026-05-01 05:37:11.718025,without_onion,7.22,2
84,47d2f4d1-9b43-4c36-9012-a0bd68fa1728,Mamen Azcona Alcaraz,Palma,"Paseo Casandra Acevedo 19 Apt. 75 , Huesca, 06789",2026-05-01 05:42:48.562120,vegan,,2
84,f2fc050c-186f-41dd-97f4-ca5ab582092f,Mario Bustos Oller,Palma,"Paseo Casandra Acevedo 19 Apt. 75 , Huesca, 06789",2026-05-01 19:58:44.141620,with_onion,8.66,1
84,5230fa4f-71ab-4daf-920c-09cca0f190db,Eric Piñol Rey,Palma,"Paseo Casandra Acevedo 19 Apt. 75 , Huesca, 06789",2026-05-01 20:56:09.730691,classic,,3
84,92389469-c4e2-435a-aea2-6e9a2039e1bd,Bárbara Manzanares Ródenas,Palma,"Paseo Casandra Acevedo 19 Apt. 75 , Huesca, 06789",2026-05-01 13:14:27.242070,with_onion,N/A,4
84,90476394-9c34-4514-bbf5-c766f239ca9c,Rocío Arco Ródenas,Palma,"Paseo Casandra Acevedo 19 Apt. 75 , Huesca, 06789",2026-05-01 15:57:45.118114,vegan,,1
84,96832aff-292d-4191-98cd-98b40f30c439,Teófilo Sebastián Valls Hoyos,Palma,"Paseo Casandra Acevedo 19 Apt. 75 , Huesca, 06789",2026-05-01 02:10:13.739228,without_onion,6.81,5
84,01db6ae6-8cd6-4192-b080-7f0a416b617c,Eligia Leire Poza Barreda,Palma,"Paseo Casandra Acevedo 19 Apt. 75 , Huesca, 06789",2026-05-01 02:57:42.493723,classic,,1
84,6bf44d66-591c-49ca-b072-f22d40867094,Eric Sacristán Coca,Palma,"Paseo Casandra Acevedo 19 Apt. 75 , Huesca, 06789",2026-05-01 22:26:25.540516,without_onion,,2
84,d5a2b335-61dc-4858-8b1e-b2c1e23bf4cf,Eleuterio Hurtado Rodríguez,Palma,"Paseo Casandra Acevedo 19 Apt. 75 , Huesca, 06789",2026-05-01 01:49:52.884454,with_onion,9.78,4
84,017b50ec-5554-4611-93f1-37a6220fcd79,Clementina Andreu Peralta,Palma,"Paseo Casandra Acevedo 19 Apt. 75 , Huesca, 06789",2026-05-01 13:38:50.523829,vegan,,3
84,6c976a1e-d014-45b1-a94d-647b0ebbd87b,Pepe Villanueva Feliu,Palma,"Paseo Casandra Acevedo 19 Apt. 75 , Huesca, 06789",2026-05-01 21:55:03.631958,classic,,2
84,c8c83421-0734-4117-a372-17dd822f8900,Fulgencio Santos,Palma,"Paseo Casandra Acevedo 19 Apt. 75 , Huesca, 06789",2026-05-01 22:39:35.037099,classic,N/A,1
84,3b20440b-3bf1-4ae1-abd5-9bb65f83b5d6,Benigna Atienza Coca,Palma,"Paseo Casandra Acevedo 19 Apt. 75 , Huesca, 06789",2026-05-01 05:51:55.374398,without_onion,N/A,4
84,bea27fbb-fff7-4bd8-ba5e-5892394a571a,Laura Porcel Márquez,Palma,"Paseo Casandra Acevedo 19 Apt. 75 , Huesca, 06789",2026-05-01 17:28:31.066773,classic,N/A,5
84,09c0ea45-2db6-4489-9d2f-fe19c52c2708,Macarena Gomez Marquez,Palma,"Paseo Casandra Acevedo 19 Apt. 75 , Huesca, 06789",2026-05-01 01:14:24.134990,vegan,14.08,1
84,0413ade1-e20a-4198-b64c-ff8af4d6536a,Úrsula Madrigal España,Palma,"Paseo Casandra Acevedo 19 Apt. 75 , Huesca, 06789",2026-05-01 07:14:11.919868,classic,,2
84,e80560bc-486f-430b-a1a7-9db7660c253b,Ágata Josefina Araujo Alba,Palma,"Paseo Casandra Acevedo 19 Apt. 75 , Huesca, 06789",2026-05-01 22:31:22.739663,classic,N/A,5
84,ff382449-b056-42ea-87d6-2a42ed0f33ce,Silvia Menéndez Barbero,Palma,"Paseo Casandra Acevedo 19 Apt. 75 , Huesca, 06789",2026-05-01 09:03:40.924655,with_onion,7.31,3
84,2adc8185-dd40-40b7-ae73-6e2d420c2ff3,Sigfrido Víctor Gabaldón Menéndez,Palma,"Paseo Casandra Acevedo 19 Apt. 75 , Huesca, 06789",2026-05-01 01:47:51.225492,without_onion,8.12,4
84,e4799937-bd85-4c39-a780-78642812b67b,Vicente Heras Pont,Palma,"Paseo Casandra Acevedo 19 Apt. 75 , Huesca, 06789",2026-05-01 12:04:19.490934,with_onion,N/A,5
84,ff214db7-673f-4e54-a914-0712ee6d1602,Yolanda Jordán Elorza,Palma,"Paseo Casandra Acevedo 19 Apt. 75 , Huesca, 06789",2026-05-01 03:48:42.734470,vegan,N/A,5
84,aa6cfffb-a24a-4fac-b941-be23991a1436,Wálter de Baró,Palma,"Paseo Casandra Acevedo 19 Apt. 75 , Huesca, 06789",2026-05-01 06:21:14.834384,vegan,N/A,1
84,9ee563c3-dfaf-478a-a8f5-abf2b97a2882,Melchor Riquelme-Jordán,Palma,"Paseo Casandra Acevedo 19 Apt. 75 , Huesca, 06789",2026-05-01 19:41:45.391002,with_onion,,3
84,fb14c5e9-cb45-42d8-9d02-38c69c547bd1,Saturnino Gómez Velasco,Palma,"Paseo Casandra Acevedo 19 Apt. 75 , Huesca, 06789",2026-05-01 06:57:28.981630,vegan,N/A,3
84,aad49544-9b8c-4bea-9a62-66afaffb85c1,Valentín Hernández Gimeno,Palma,"Paseo Casandra Acevedo 19 Apt. 75 , Huesca, 06789",2026-05-01 10:02:36.640574,without_onion,9.25,1
84,db72379c-0662-4cce-a744-73badf03dd8b,Nadia Romeu Valderrama,Palma,"Paseo Casandra Acevedo 19 Apt. 75 , Huesca, 06789",2026-05-01 05:23:01.374917,vegan,7.15,2
84,4c5ac232-8619-4a53-9c5a-e40370c5f7a7,Cloe Ruiz-Alarcón,Palma,"Paseo Casandra Acevedo 19 Apt. 75 , Huesca, 06789",2026-05-01 09:23:42.754852,without_onion,,5
84,29f8431f-3560-4472-9d54-d2206681e4a2,Valentina Sáenz Velázquez,Palma,"Paseo Casandra Acevedo 19 Apt. 75 , Huesca, 06789",2026-05-01 16:14:29.588986,without_onion,N/A,2
84,3d070d73-77f1-435c-9000-bd8481580e09,Aristides Carreras-Torrents,Palma,"Paseo Casandra Acevedo 19 Apt. 75 , Huesca, 06789",2026-05-01 20:03:43.153024,classic,8.07,1
84,b610a20a-487a-41ef-a0de-a471d9c8128e,Cruz Morales Valenciano,Palma,"Paseo Casandra Acevedo 19 Apt. 75 , Huesca, 06789",2026-05-01 15:51:30.476043,vegan,5.66,2
84,988dc640-9692-477e-b8f3-9c6c6703a1dd,Herminia Neira Cuevas,Palma,"Paseo Casandra Acevedo 19 Apt. 75 , Huesca, 06789",2026-05-01 10:35:25.537510,with_onion,N/A,4
84,f42fc918-057d-4f40-a949-e6ad0c2f12d6,Nicolás Josué Jimenez Corbacho,Palma,"Paseo Casandra Acevedo 19 Apt. 75 , Huesca, 06789",2026-05-01 02:46:47.587094,without_onion,,2
84,07695821-bf6f-4fe2-89ef-e2b2c80e5007,Fabio Guerra Ramis,Palma,"Paseo Casandra Acevedo 19 Apt. 75 , Huesca, 06789",2026-05-01 01:07:45.111165,classic,,5
84,57b90da8-7136-452f-92d9-772f01f892dd,Cesar Mas Arribas,Palma,"Paseo Casandra Acevedo 19 Apt. 75 , Huesca, 06789",2026-05-01 09:56:14.647440,without_onion,N/A,3
84,c8cb3938-85e0-446f-b5d5-e1b0fd64c5f0,Aurelia Acosta-Guerrero,Palma,"Paseo Casandra Acevedo 19 Apt. 75 , Huesca, 06789",2026-05-01 18:47:28.490462,vegan,9.36,2
84,d0ee95d8-c1d4-4f6f-adeb-9b4d551ae86e,Paco Gutierrez Nogués,Palma,"Paseo Casandra Acevedo 19 Apt. 75 , Huesca, 06789",2026-05-01 07:51:06.801655,with_onion,13.04,3
84,69f535ae-29a4-46ef-b6d9-04b849246209,Benita de Santamaria,Palma,"Paseo Casandra Acevedo 19 Apt. 75 , Huesca, 06789",2026-05-01 09:10:24.655781,vegan,,1
84,15a419d7-c358-4b0e-a283-37c6c10dd101,Maximino Espada Manso,Palma,"Paseo Casandra Acevedo 19 Apt. 75 , Huesca, 06789",2026-05-01 14:52:58.410649,without_onion,N/A,4
84,ab6c0afc-ecd9-45f4-bb79-16ab98fbb8e5,Pacífica Emma Valle Español,Palma,"Paseo Casandra Acevedo 19 Apt. 75 , Huesca, 06789",2026-05-01 07:18:50.256097,without_onion,N/A,2
84,a15be8ad-d752-4f8b-a289-0e3bd6661ab8,Berto Rodrigo Cobo Moya,Palma,"Paseo Casandra Acevedo 19 Apt. 75 , Huesca, 06789",2026-05-01 12:33:15.401693,classic,,5
84,0560ee8a-10bc-498b-bc89-1d599bbdde95,Tamara Sarita Solana Gual,Palma,"Paseo Casandra Acevedo 19 Apt. 75 , Huesca, 06789",2026-05-01 11:20:29.482578,without_onion,7.6,2
84,5a8fe858-e9e3-48a9-b92e-0a4d3b2f38a6,Ana de Perales,Palma,"Paseo Casandra Acevedo 19 Apt. 75 , Huesca, 06789",2026-05-01 08:46:56.392224,without_onion,N/A,2
84,588fbdb2-26f9-4445-b896-129103315712,Jose Atienza-Carpio,Palma,"Paseo Casandra Acevedo 19 Apt. 75 , Huesca, 06789",2026-05-01 14:36:20.521859,with_onion,N/A,1
84,e9664c3f-59ae-44a6-b960-3a074089c7a8,José Ángel Canet,Palma,"Paseo Casandra Acevedo 19 Apt. 75 , Huesca, 06789",2026-05-01 21:49:20.644156,without_onion,11.54,1
84,bdaa5da1-5dd8-44ef-af59-8ca8d9125f3c,Paloma Zamorano Jara,Palma,"Paseo Casandra Acevedo 19 Apt. 75 , Huesca, 06789",2026-05-01 22:26:49.841345,vegan,N/A,3
84,9753ecb8-f160-4155-a395-fd2856718b0f,Paula Mayte Téllez Samper,Palma,"Paseo Casandra Acevedo 19 Apt. 75 , Huesca, 06789",2026-05-01 01:45:30.389971,without_onion,6.1,2
84,f6c856d2-f3f0-4ae3-897a-26c93d9f111a,Ángela Giner Tolosa,Palma,"Paseo Casandra Acevedo 19 Apt. 75 , Huesca, 06789",2026-05-01 08:17:06.696626,with_onion,N/A,5
84,aa1ed38f-50d7-4ec6-80a2-8605d333887a,Gonzalo Otero Tovar,Palma,"Paseo Casandra Acevedo 19 Apt. 75 , Huesca, 06789",2026-05-01 23:05:22.337594,classic,,5
84,d7fd6816-4766-4cd3-b58f-108c30268a48,Máxima Díez Sancho,Palma,"Paseo Casandra Acevedo 19 Apt. 75 , Huesca, 06789",2026-05-01 11:00:18.052191,with_onion,,4
84,5f84ee2d-0440-44c7-a81a-fa0f2425bb4c,Héctor Mayoral Pérez,Palma,"Paseo Casandra Acevedo 19 Apt. 75 , Huesca, 06789",2026-05-01 15:15:21.423553,vegan,,4
84,9e0ebfef-8c69-4468-bea7-7280604eba18,Néstor Chacón Caro,Palma,"Paseo Casandra Acevedo 19 Apt. 75 , Huesca, 06789",2026-05-01 01:31:02.318223,with_onion,10.58,4
84,c38e8053-6d68-4a04-b03e-473c8c320dbf,Sol Briones Vigil,Palma,"Paseo Casandra Acevedo 19 Apt. 75 , Huesca, 06789",2026-05-01 03:17:19.005852,with_onion,7.1,3
84,513dd31f-0818-4e6f-9363-51dbd13757c6,Azucena Luís Mora,Palma,"Paseo Casandra Acevedo 19 Apt. 75 , Huesca, 06789",2026-05-01 22:40:55.323390,with_onion,11.37,5
84,17e02a59-c7d9-47ab-8406-f8a3370a57b0,Flora Conesa Cerezo,Palma,"Paseo Casandra Acevedo 19 Apt. 75 , Huesca, 06789",2026-05-01 01:12:54.043085,with_onion,,3
84,1ffd739d-10b7-4510-9edb-ed89b8a9737b,Amor Cid Campoy,Palma,"Paseo Casandra Acevedo 19 Apt. 75 , Huesca, 06789",2026-05-01 04:50:28.632788,without_onion,,3
84,9ea15eaa-dd2e-45b2-9a06-d33899958646,Elodia Chamorro Fabra,Palma,"Paseo Casandra Acevedo 19 Apt. 75 , Huesca, 06789",2026-05-01 17:19:01.644865,classic,N/A,1
84,33f7d3d9-1662-4fc4-a38c-aeabfc07e4e7,Sebastián Andres Pinto,Palma,"Paseo Casandra Acevedo 19 Apt. 75 , Huesca, 06789",2026-05-01 20:59:26.255163,without_onion,,2
84,1c695e5f-d2b4-4ad1-b0e0-f45255919f4b,Maricruz Puig Pareja,Palma,"Paseo Casandra Acevedo 19 Apt. 75 , Huesca, 06789",2026-05-01 11:12:09.682588,vegan,11.24,1
84,e2f90714-90b4-4e41-bfab-d7020ea1759a,Natalia Bustamante Araujo,Palma,"Paseo Casandra Acevedo 19 Apt. 75 , Huesca, 06789",2026-05-01 22:53:31.887010,vegan,9.07,2
84,115d629e-b29c-427e-8cf0-7700a6c197ae,Octavio Erasmo Juan Benet,Palma,"Paseo Casandra Acevedo 19 Apt. 75 , Huesca, 06789",2026-05-01 07:43:54.693327,classic,,4
84,6964bc6b-be0f-40c0-a850-7d4443f76f03,María Jesús de Múgica,Palma,"Paseo Casandra Acevedo 19 Apt. 75 , Huesca, 06789",2026-05-01 07:55:34.752399,vegan,,4
84,a4e84ab7-cb5a-4d2f-aacb-7476238e6ef8,Jacobo Peralta Benito,Palma,"Paseo Casandra Acevedo 19 Apt. 75 , Huesca, 06789",2026-05-01 09:14:36.999841,without_onion,10.58,3
84,e9ec17f9-acbd-4b8d-92b1-21726d229a32,Trinidad Cabo Iglesias,Palma,"Paseo Casandra Acevedo 19 Apt. 75 , Huesca, 06789",2026-05-01 23:54:10.777481,vegan,N/A,3
84,5120355c-fc6c-49cb-b4f7-705a8dfa943c,Nadia Leyre Castañeda Atienza,Palma,"Paseo Casandra Acevedo 19 Apt. 75 , Huesca, 06789",2026-05-01 18:41:11.786041,vegan,13.0,4
84,e319a01a-7589-43b3-ab2e-16a3400a179c,Domingo Andres Batlle,Palma,"Paseo Casandra Acevedo 19 Apt. 75 , Huesca, 06789",2026-05-01 10:15:28.703673,classic,N/A,5
84,952b9964-25eb-468e-9eb4-77f3bfb465bd,Laura Talavera Figueras,Palma,"Paseo Casandra Acevedo 19 Apt. 75 , Huesca, 06789",2026-05-01 17:42:06.552184,vegan,,2
84,8b7659e3-a8ea-4709-8a64-a90734cfcd80,Dani Francisco-Jover,Palma,"Paseo Casandra Acevedo 19 Apt. 75 , Huesca, 06789",2026-05-01 13:20:19.352383,classic,7.84,2
84,140a1a2c-6136-4c34-9556-1c118185416c,Nuria Alcántara Blanca,Palma,"Paseo Casandra Acevedo 19 Apt. 75 , Huesca, 06789",2026-05-01 12:34:17.699179,with_onion,,2
84,b5caa3bf-0725-4196-a074-a131447c0ae4,Fabiana Mármol Fabregat,Palma,"Paseo Casandra Acevedo 19 Apt. 75 , Huesca, 06789",2026-05-01 22:58:19.085436,with_onion,N/A,1
84,48c7a5fd-85d6-47bb-bebe-6f889971c1dc,Basilio Amador Polo,Palma,"Paseo Casandra Acevedo 19 Apt. 75 , Huesca, 06789",2026-05-01 05:31:48.450014,with_onion,,4
84,87c45fa4-306e-4bde-9135-cf175ae37a9e,Desiderio Armas Mínguez,Palma,"Paseo Casandra Acevedo 19 Apt. 75 , Huesca, 06789",2026-05-01 05:45:51.417634,vegan,14.68,5
84,1eb28722-a409-409b-a6d8-9397bedb2a6a,Beatriz Sarmiento Collado,Palma,"Paseo Casandra Acevedo 19 Apt. 75 , Huesca, 06789",2026-05-01 19:45:54.952046,without_onion,,3
84,3c622f59-7102-4eee-b225-f6a08f93f33a,Bernabé Vidal Español,Palma,"Paseo Casandra Acevedo 19 Apt. 75 , Huesca, 06789",2026-05-01 22:14:34.982645,without_onion,13.63,5
84,cf248b2c-7275-429a-aa5d-ea9dea5f70b1,Gustavo Almeida Feijoo,Palma,"Paseo Casandra Acevedo 19 Apt. 75 , Huesca, 06789",2026-05-01 08:39:42.614506,vegan,,4
84,f38c7cfd-2bb6-4a9d-8183-b993ba3a4711,Eduardo Mateos Sancho,Palma,"Paseo Casandra Acevedo 19 Apt. 75 , Huesca, 06789",2026-05-01 04:52:46.106421,vegan,9.21,3
84,07d6746c-3697-4ff2-b5c6-8bb5c8b8e319,Gastón de Carballo,Palma,"Paseo Casandra Acevedo 19 Apt. 75 , Huesca, 06789",2026-05-01 18:18:38.440651,without_onion,N/A,4
84,717c0ce0-e064-4b0f-b6e1-bc536db8d3fd,Heliodoro Barba Bertrán,Palma,"Paseo Casandra Acevedo 19 Apt. 75 , Huesca, 06789",2026-05-01 20:57:05.377827,without_onion,,3
84,899b6fbe-c806-4669-a556-707061441781,Alejo Benito Montoya,Palma,"Paseo Casandra Acevedo 19 Apt. 75 , Huesca, 06789",2026-05-01 07:18:49.757413,with_onion,N/A,5
84,a5f3bfe7-fb13-4901-8c86-c098d36a846b,Maximino Martin Barceló,Palma,"Paseo Casandra Acevedo 19 Apt. 75 , Huesca, 06789",2026-05-01 19:17:23.343821,classic,14.54,1
84,37b61151-2ee2-4f87-b560-86849537882d,María Del Carmen Camps Cervantes,Palma,"Paseo Casandra Acevedo 19 Apt. 75 , Huesca, 06789",2026-05-01 15:07:14.504150,with_onion,14.57,4
84,721fdda5-61cc-4e16-9c55-60231896d6b3,Emiliana Leyre Llorens Morera,Palma,"Paseo Casandra Acevedo 19 Apt. 75 , Huesca, 06789",2026-05-01 19:49:18.763145,without_onion,,1
84,fc30f5bb-1df0-452e-8d11-c7985ca2c963,María Luisa Miriam Cortina Sarmiento,Palma,"Paseo Casandra Acevedo 19 Apt. 75 , Huesca, 06789",2026-05-01 14:07:54.871616,without_onion,10.53,3
84,fe1eeff6-5491-404c-8e3d-0430a498aaa6,Brígida Quesada Barroso,Palma,"Paseo Casandra Acevedo 19 Apt. 75 , Huesca, 06789",2026-05-01 23:46:38.535564,classic,6.17,5
84,f83ed24e-8c17-4b05-a272-535ca6f9114b,Anna Perez Caro,Palma,"Paseo Casandra Acevedo 19 Apt. 75 , Huesca, 06789",2026-05-01 21:53:13.722589,without_onion,,5
84,c69b4b88-99d4-4f76-bd17-9f7247c4eba0,Carlito Catalán-Cordero,Palma,"Paseo Casandra Acevedo 19 Apt. 75 , Huesca, 06789",2026-05-01 21:34:21.038241,without_onion,,4
84,0c02c960-22c0-420a-8afc-bb035f5e8d76,Cristóbal Font Mena,Palma,"Paseo Casandra Acevedo 19 Apt. 75 , Huesca, 06789",2026-05-01 10:39:47.779266,without_onion,12.5,3
84,c3ebf433-100e-4d28-998b-5142d33b9d36,Gloria Palau,Palma,"Paseo Casandra Acevedo 19 Apt. 75 , Huesca, 06789",2026-05-01 22:41:24.768953,classic,7.13,5
84,dfb498ee-f1ae-4346-89ad-3bda5d8ecdb3,Efraín Tolosa Español,Palma,"Paseo Casandra Acevedo 19 Apt. 75 , Huesca, 06789",2026-05-01 07:13:18.713624,without_onion,N/A,2
84,9607b447-3851-448c-affa-2f63873b7383,Jenaro Adán Varela Mínguez,Palma,"Paseo Casandra Acevedo 19 Apt. 75 , Huesca, 06789",2026-05-01 07:13:59.459147,classic,,4
84,5355507d-8732-413d-b39e-2cd5ef34ddad,Yaiza Donaire Guerrero,Palma,"Paseo Casandra Acevedo 19 Apt. 75 , Huesca, 06789",2026-05-01 12:25:20.833057,without_onion,,5
84,616a3acb-ccc1-46ca-9ead-17c2b73148be,Damián Quintero Cordero,Palma,"Paseo Casandra Acevedo 19 Apt. 75 , Huesca, 06789",2026-05-01 11:32:54.296610,classic,,5
84,7b9150ed-955c-43e8-a521-b55323ce0e8d,Renata Trujillo Abellán,Palma,"Paseo Casandra Acevedo 19 Apt. 75 , Huesca, 06789",2026-05-01 21:46:41.579816,with_onion,N/A,1
84,d804c288-37a0-49e8-866a-fa879008b1c0,María Ángeles Lara Calvo,Palma,"Paseo Casandra Acevedo 19 Apt. 75 , Huesca, 06789",2026-05-01 14:15:31.842369,with_onion,N/A,2
84,fa13fcaf-fef7-4caa-8b64-37e2c7b19c38,Hilario Almagro Badía,Palma,"Paseo Casandra Acevedo 19 Apt. 75 , Huesca, 06789",2026-05-01 13:36:59.207241,with_onion,,3
84,42e890b4-9b15-4b27-a08a-170eed06e4d4,Mohamed Arregui Leon,Palma,"Paseo Casandra Acevedo 19 Apt. 75 , Huesca, 06789",2026-05-01 10:13:16.457334,classic,12.07,2
84,f690a5b8-f804-4b9c-aff9-6ef40a5d1f46,Bienvenida Franco Real,Palma,"Paseo Casandra Acevedo 19 Apt. 75 , Huesca, 06789",2026-05-01 11:08:51.616164,with_onion,N/A,3
84,0a9187d3-7609-4c51-8376-6fcd02cc943d,Edelmira Figueroa Montoya,Palma,"Paseo Casandra Acevedo 19 Apt. 75 , Huesca, 06789",2026-05-01 04:05:32.395036,with_onion,N/A,2
84,5e7b41d8-5faa-4918-99d3-abca9f4e56c5,Borja Cortes,Palma,"Paseo Casandra Acevedo 19 Apt. 75 , Huesca, 06789",2026-05-01 19:10:02.115690,classic,11.36,2
84,e2d7e00e-89ff-432d-9202-f8ab8fa038c7,Carmen Romeu Llopis,Palma,"Paseo Casandra Acevedo 19 Apt. 75 , Huesca, 06789",2026-05-01 06:27:43.193062,without_onion,,4
84,a730b73d-6055-4f87-9605-1809688df7ff,Jose Carlos Ramón Roda,Palma,"Paseo Casandra Acevedo 19 Apt. 75 , Huesca, 06789",2026-05-01 14:40:55.473908,vegan,,4
84,31f4ff1a-3fd3-4811-83c4-939ee45cc4c1,Leocadia Somoza Solís,Palma,"Paseo Casandra Acevedo 19 Apt. 75 , Huesca, 06789",2026-05-01 02:43:53.404996,vegan,N/A,4
84,b1927e2c-76af-4e97-8176-e4a609a7ce87,Xiomara Piñeiro Melero,Palma,"Paseo Casandra Acevedo 19 Apt. 75 , Huesca, 06789",2026-05-01 12:29:59.353801,classic,N/A,3
84,1c8a505e-6690-4f49-87e5-668912a79000,Cebrián Cortes Serrano,Palma,"Paseo Casandra Acevedo 19 Apt. 75 , Huesca, 06789",2026-05-01 16:45:16.056779,classic,11.88,4
84,21d80b3a-9cdb-4ccb-b14f-ba10ec0af10b,Sonia del Pol,Palma,"Paseo Casandra Acevedo 19 Apt. 75 , Huesca, 06789",2026-05-01 01:18:27.410899,without_onion,,3
84,7f22949b-3e4f-4b9d-b096-ce8b4c6e0ef2,Candelaria Alberola Fabregat,Palma,"Paseo Casandra Acevedo 19 Apt. 75 , Huesca, 06789",2026-05-01 14:41:42.538748,classic,,2
84,43dab0de-7a6d-4300-b63e-1fdeac4a4eeb,Lupe Expósito Maldonado,Palma,"Paseo Casandra Acevedo 19 Apt. 75 , Huesca, 06789",2026-05-01 03:53:08.751244,vegan,12.64,4
84,e94630a0-24ca-427b-a054-d7a93f3669c8,Plinio Perales,Palma,"Paseo Casandra Acevedo 19 Apt. 75 , Huesca, 06789",2026-05-01 13:19:16.550843,without_onion,N/A,1
84,dc54ec3d-3739-4689-b76e-add514d94818,Lola Barral,Palma,"Paseo Casandra Acevedo 19 Apt. 75 , Huesca, 06789",2026-05-01 22:52:08.339884,with_onion,11.14,1
84,2507bdf3-2704-401c-8c58-9b79311a492c,Gabriela Fajardo Zaragoza,Palma,"Paseo Casandra Acevedo 19 Apt. 75 , Huesca, 06789",2026-05-01 19:02:54.386127,without_onion,12.27,4
84,372e9ac4-fa8a-410d-8f03-19084fd43d57,Borja Cid Pi,Palma,"Paseo Casandra Acevedo 19 Apt. 75 , Huesca, 06789",2026-05-01 01:32:00.909320,with_onion,,2
84,e4fab3f6-646c-406c-beeb-9e2e1f271060,Tomás Cisneros Sedano,Palma,"Paseo Casandra Acevedo 19 Apt. 75 , Huesca, 06789",2026-05-01 10:25:38.911468,classic,9.81,1
84,a8d2987b-0478-40fc-a0f6-9fbb088f5cc3,Paula Ferrándiz-Caparrós,Palma,"Paseo Casandra Acevedo 19 Apt. 75 , Huesca, 06789",2026-05-01 06:51:01.101926,vegan,N/A,5
84,9ef2e54b-cd00-4896-971b-c6301963840a,Teófilo Carlos Juárez,Palma,"Paseo Casandra Acevedo 19 Apt. 75 , Huesca, 06789",2026-05-01 04:08:50.780460,with_onion,,5
84,11de39e2-f6a0-43d5-a8e6-0629e70c3964,Gala Pi Villalonga,Palma,"Paseo Casandra Acevedo 19 Apt. 75 , Huesca, 06789",2026-05-01 21:41:20.067968,with_onion,,1
84,93614d2f-ce03-41fa-9141-38226231fab6,Artemio Baró Abellán,Palma,"Paseo Casandra Acevedo 19 Apt. 75 , Huesca, 06789",2026-05-01 00:21:42.613763,without_onion,12.02,2
84,1184e0d6-03d2-4e7b-a052-7a484e24cca5,Amaya Rocha Batalla,Palma,"Paseo Casandra Acevedo 19 Apt. 75 , Huesca, 06789",2026-05-01 08:41:46.421725,classic,N/A,5
84,982d9533-8d14-4003-b6e4-77d050280077,Moisés Sanjuan Ballester,Palma,"Paseo Casandra Acevedo 19 Apt. 75 , Huesca, 06789",2026-05-01 18:34:41.955493,vegan,N/A,2
84,cdb4c0dd-7230-47ae-9f64-8bfc3451ac4f,Gloria Orozco Gimenez,Palma,"Paseo Casandra Acevedo 19 Apt. 75 , Huesca, 06789",2026-05-01 16:30:17.035601,vegan,,1
84,06c5dc5f-2a5a-46ad-9f4c-5b162265d20a,Marisela Carrera Alarcón,Palma,"Paseo Casandra Acevedo 19 Apt. 75 , Huesca, 06789",2026-05-01 08:14:10.428031,with_onion,N/A,4
84,060b79bd-3c99-4f25-bdb5-ab433091b077,Herminia Domínguez,Palma,"Paseo Casandra Acevedo 19 Apt. 75 , Huesca, 06789",2026-05-01 07:22:21.012455,with_onion,N/A,1
84,7e7a854d-b4a3-4140-bceb-5eab820fe72c,Mariano Frutos Mulet,Palma,"Paseo Casandra Acevedo 19 Apt. 75 , Huesca, 06789",2026-05-01 05:35:56.687413,with_onion,12.13,2
84,7c9b27cb-f566-4dcf-9d86-76ba8e341456,Carmelita Ibañez Bou,Palma,"Paseo Casandra Acevedo 19 Apt. 75 , Huesca, 06789",2026-05-01 15:02:46.490579,classic,7.12,4
84,60226494-dae2-4a59-a083-f9a81e3c930b,Lina Valbuena Urrutia,Palma,"Paseo Casandra Acevedo 19 Apt. 75 , Huesca, 06789",2026-05-01 08:43:39.096410,without_onion,,1
84,6020bb2a-6a66-41ac-bd95-f0491e885282,Milagros Franco Galiano,Palma,"Paseo Casandra Acevedo 19 Apt. 75 , Huesca, 06789",2026-05-01 04:49:26.443506,vegan,8.14,1
84,68a7b33a-cba1-4f87-8812-7d9e6f90fe6e,Máxima África Villegas Farré,Palma,"Paseo Casandra Acevedo 19 Apt. 75 , Huesca, 06789",2026-05-01 05:11:12.256260,without_onion,7.1,1
84,93c93020-94ea-4147-84fc-266e2c60ff07,Herminia Jara Escrivá,Palma,"Paseo Casandra Acevedo 19 Apt. 75 , Huesca, 06789",2026-05-01 05:39:09.846391,classic,N/A,2
84,cec22b86-f33c-465a-af6a-df54ae786873,Gloria Pomares,Palma,"Paseo Casandra Acevedo 19 Apt. 75 , Huesca, 06789",2026-05-01 12:29:00.241008,classic,8.15,5
84,fea0693e-b028-45d6-8601-14939cb50416,Jose Ramón Zamorano Fabra,Palma,"Paseo Casandra Acevedo 19 Apt. 75 , Huesca, 06789",2026-05-01 10:25:26.395820,with_onion,,1
84,5f785142-11f8-434d-bb4d-52d6a6d084ca,Teo Campoy Manso,Palma,"Paseo Casandra Acevedo 19 Apt. 75 , Huesca, 06789",2026-05-01 07:06:55.077419,with_onion,14.29,4
84,00013027-6c84-4809-a62b-a9f51b97cadd,Javier Escolano Benitez,Palma,"Paseo Casandra Acevedo 19 Apt. 75 , Huesca, 06789",2026-05-01 00:35:49.776972,vegan,,3
84,7ba70119-957c-4486-870a-eb65945ba623,Miguela Saez Gracia,Palma,"Paseo Casandra Acevedo 19 Apt. 75 , Huesca, 06789",2026-05-01 17:07:01.341714,without_onion,,5
84,79ade6ce-7754-49ec-90f5-0c6022e04bdc,Amparo Barranco Vizcaíno,Palma,"Paseo Casandra Acevedo 19 Apt. 75 , Huesca, 06789",2026-05-01 07:50:33.235344,classic,12.1,3
84,110a1f57-b9fb-404e-95fa-a6e7db8e0330,Jose Maestre-Alvarez,Palma,"Paseo Casandra Acevedo 19 Apt. 75 , Huesca, 06789",2026-05-01 16:10:55.467495,with_onion,N/A,5
84,d0b5c2e2-8498-4f80-9866-71a9a3b2c2cb,Fabiola Peral Solera,Palma,"Paseo Casandra Acevedo 19 Apt. 75 , Huesca, 06789",2026-05-01 21:32:06.561798,vegan,13.17,5
84,9610cc3e-517c-4dab-941e-83579e81807f,Marisela Rios Guardia,Palma,"Paseo Casandra Acevedo 19 Apt. 75 , Huesca, 06789",2026-05-01 19:55:58.735825,with_onion,,3
84,d93b4262-23d9-40d8-baf1-2e25381e380e,Fabio Cabañas Gelabert,Palma,"Paseo Casandra Acevedo 19 Apt. 75 , Huesca, 06789",2026-05-01 02:44:24.924967,vegan,,1
84,39a09d27-27ec-45b8-a90e-95c1eb53036a,Samuel Gil Vergara Landa,Palma,"Paseo Casandra Acevedo 19 Apt. 75 , Huesca, 06789",2026-05-01 02:08:13.575540,vegan,N/A,5
84,81bc4ac2-c022-4d52-b2d2-e8561b648912,Noelia Salmerón Muñoz,Palma,"Paseo Casandra Acevedo 19 Apt. 75 , Huesca, 06789",2026-05-01 13:50:14.508613,without_onion,,3
84,906b4970-769f-42f2-8024-2fa16c693591,Aarón Isern Verdugo,Palma,"Paseo Casandra Acevedo 19 Apt. 75 , Huesca, 06789",2026-05-01 23:57:12.223847,with_onion,N/A,1
84,36df6a7c-568e-4d40-9964-91ff44b771c4,Eric Prada Alberto,Palma,"Paseo Casandra Acevedo 19 Apt. 75 , Huesca, 06789",2026-05-01 19:47:11.763023,without_onion,13.73,5
84,c835e61d-2242-480f-9907-7b92a83c3e59,Paulino Múñiz,Palma,"Paseo Casandra Acevedo 19 Apt. 75 , Huesca, 06789",2026-05-01 01:48:10.307264,vegan,,4
84,bdf54884-e9e7-4d01-bde7-9c549651cf1c,Morena Reyes Duarte Asensio,Palma,"Paseo Casandra Acevedo 19 Apt. 75 , Huesca, 06789",2026-05-01 19:54:39.494866,with_onion,13.71,2
84,ca763f0c-a4d1-46b7-9b08-05801b6645ea,Trinidad de Cuenca,Palma,"Paseo Casandra Acevedo 19 Apt. 75 , Huesca, 06789",2026-05-01 01:02:47.572437,without_onion,,4
84,4f654036-6cee-47bd-81ec-0053aeea5802,Albert Fabián Pazos Martí,Palma,"Paseo Casandra Acevedo 19 Apt. 75 , Huesca, 06789",2026-05-01 10:10:20.097775,without_onion,,5
84,55843e4e-98fd-48e3-85cb-84d90ab13ecb,Maura Cid Borja,Palma,"Paseo Casandra Acevedo 19 Apt. 75 , Huesca, 06789",2026-05-01 16:44:30.143059,with_onion,7.15,3
84,e6c32106-bca0-430f-8967-c38e36d10332,Emigdio Giralt Mendizábal,Palma,"Paseo Casandra Acevedo 19 Apt. 75 , Huesca, 06789",2026-05-01 05:07:01.409133,classic,14.59,1
